1,Lil,O'Lennane,739-297-8984
2,Spenser,Bagshaw,539-376-4173
3,Tymothy,Reading,329-431-4048
4,Mia,Drage,671-135-2413
5,Emlynn,Vlasenkov,707-886-7451
6,Lilla,De Minico,516-496-2841
7,Haze,Pontin,245-633-8345
8,Hadley,Cotesford,125-825-2162
9,Yasmin,Aldham,192-307-7918
10,Kristyn,Veldens,362-841-8369
11,Artur,Nuzzti,179-562-4163
12,Margalo,Pleavin,120-537-6959
13,Timmie,Elfleet,680-545-8717
14,Archer,Wannes,428-248-0515
15,Claudelle,Kienl,222-272-2406
16,Barret,Kelson,348-668-4937
17,Aubrey,Elcott,491-891-1970
18,Thomasine,Stoneley,676-150-8021
19,Charleen,Patel,706-440-5376
20,Dorthea,Gethins,713-856-8685
21,Chery,Crockett,874-521-9863
22,Theressa,Blazeby,440-873-8461
23,Fidelia,Heskins,392-703-9868
24,Roselia,Jaine,880-820-3393
25,Kerrie,Monget,631-482-0935
26,Elbertine,McTeer,757-391-9983
27,Nerte,Schubart,249-612-6571
28,Carly,Sollett,630-484-8704
29,Chaddy,Guillot,165-646-9100
30,Jayme,Jagiello,808-246-9735
31,Sidney,Twells,436-759-6342
32,Tammi,Wathell,232-668-7766
33,Tresa,Breach,478-866-4518
34,Bea,Rump,110-815-6200
35,Alberta,Boldt,857-676-3520
36,Tomkin,Moore,582-435-1626
37,Zabrina,Bemlott,935-318-7067
38,Tatum,Ardern,597-690-2232
39,Yasmeen,Medcraft,572-792-4468
40,Nathalie,Whitsun,737-658-1821
41,Danita,Klassmann,305-853-9644
42,Karlyn,Lockart,886-999-9437
43,Gustie,Quigley,635-931-9515
44,Shannon,Pacquet,549-198-7403
45,Jeannette,Jolliff,708-885-7483
46,Blair,Kalewe,399-461-9409
47,Noland,Camden,611-811-3895
48,Dawn,Knevit,639-841-1198
49,Cecilla,Hillaby,174-452-6372
50,Sayres,McCurry,721-836-4317
51,Tait,Tabbitt,366-984-0931
52,Georgianne,Gosforth,257-318-9549
53,Brinna,Waugh,557-620-4180
54,Normand,Mizzi,947-306-3159
55,Eryn,Helks,844-352-4712
56,Beryl,Dodamead,649-819-1103
57,Veronique,Kellegher,434-836-7302
58,Abel,Sallinger,749-630-9794
59,Barbey,Pawden,164-344-0838
60,Dru,Acaster,285-569-2405
61,Broddie,Paramore,350-902-5499
62,Morganne,Tye,487-852-1639
63,Lem,Dallan,755-426-6615
64,Tyrus,Echlin,739-229-3428
65,Irena,Awty,451-938-2758
66,Loren,Shuard,563-509-8104
67,Roze,Middleditch,854-780-4875
68,Kirby,Fontell,616-762-3210
69,Michael,Killoran,965-516-7998
70,Rodolphe,Stitch,619-491-1567
71,Taber,Kyttor,178-402-8139
72,Mirna,Whatley,522-456-9488
73,Calv,Gueinn,995-243-5917
74,Crichton,Fransinelli,667-356-6034
75,Marquita,Franchi,297-328-8542
76,Simone,Botright,543-121-7603
77,Lisabeth,Steinson,699-669-7840
78,Conway,Geratasch,115-163-9701
79,Blakeley,Upcraft,192-766-4249
80,Alvin,Turone,589-600-0120
81,Terrill,Harring,648-137-3559
82,Wyatt,Broadway,580-616-5644
83,Bay,Deely,718-820-5458
84,Margy,Currell,969-399-0414
85,Sebastien,Byrch,406-438-3917
86,Bronny,Simonutti,295-986-6918
87,Bartie,Paulucci,899-973-7702
88,Even,Woollin,871-810-3977
89,Blane,Diplock,430-249-2211
90,Kristoforo,Fritchley,862-217-4210
91,Angy,Hyman,835-510-6004
92,Haydon,Dignon,142-786-4893
93,Lester,McBrady,405-736-6369
94,Krysta,MacCollom,481-193-8236
95,Nicolina,Stuchburie,691-272-0497
96,Kylynn,Serfati,778-380-6487
97,Sonia,Benoey,118-977-9775
98,Rees,Adlem,894-444-2410
99,Camila,Ludovici,686-481-1744
100,Wilbur,Font,405-822-4245
101,Hedvige,Dominici,407-394-7456
102,Jess,Chasen,596-449-1468
103,Stacy,Wrennall,828-368-3145
104,Kirbee,Northidge,102-586-2118
105,Kin,Miranda,653-545-2552
106,Auberta,Wakley,433-320-3166
107,Noak,Guwer,892-197-0457
108,Melinde,Boulsher,419-662-2710
109,Constantin,Lethlay,570-587-8597
110,Maible,Abba,965-325-4086
111,Kelli,Adess,762-226-0644
112,Abra,Reimer,656-360-3242
113,Myrle,Beverage,913-487-3994
114,Agnes,Erdely,589-145-3714
115,Dido,Butterley,393-554-3143
116,Donni,Evett,570-981-8444
117,Ingaberg,Judgkins,266-206-5675
118,Ferguson,Gossan,575-371-2155
119,James,Logie,952-345-1174
120,Karola,Gabbotts,656-300-5564
121,Barby,Cameli,415-896-8742
122,Mahalia,Mattaser,149-130-3288
123,Filippa,Sooley,370-996-9832
124,Armando,Naul,428-662-8451
125,Megan,Lillie,432-613-4260
126,Fedora,Charon,705-378-3500
127,Wini,Fludder,365-296-1486
128,Tamma,Burtonwood,826-815-6332
129,Brandi,Bottinelli,807-158-5813
130,Jamil,Gommey,848-747-4222
131,Eliot,Domoney,294-489-9303
132,Betsy,Lissett,256-606-2415
133,Norene,Buttner,774-458-3918
134,Gustavo,Simony,123-496-2100
135,Ranee,Dusey,707-591-9853
136,Joanna,Seagar,385-312-4129
137,Andie,Kidner,503-229-1073
138,Chad,Southerns,561-918-5116
139,Roddy,Mayall,806-151-5288
140,Rollins,Antushev,543-351-3949
141,Sibyl,Pinnijar,500-127-1992
142,Victor,Sinott,529-500-7591
143,Renato,Tullett,696-866-1026
144,Carline,Izon,889-580-8854
145,Mignon,Litherborough,732-965-2048
146,Avrit,Clewes,431-151-8792
147,Willie,De Paoli,692-423-0516
148,Ali,Benninger,467-306-2395
149,Jefferson,Wittleton,354-285-0712
150,Myrna,Golborn,884-377-1483
151,Kelsey,Salzen,978-763-2883
152,Lovell,Yarmouth,727-685-6150
153,Corbett,Beck,875-761-4648
154,Haley,Watson,800-484-5251
155,Glynnis,Eccott,717-690-5615
156,Jarrett,Quirke,944-209-4274
157,Quintana,Mantrup,887-810-2705
158,Gregoire,Carluccio,302-553-2784
159,Crichton,Yakunin,151-414-0867
160,Ronalda,Zammitt,514-163-8134
161,Lorene,Fasse,303-601-5014
162,Korella,Dirr,792-911-5700
163,Blake,Oneill,580-573-8674
164,Frasier,Pawson,645-265-4447
165,Iain,Cartmael,990-379-9605
166,Tiena,Toffler,571-289-0433
167,Lisetta,Tudball,395-506-4189
168,Miriam,Ludmann,265-920-1256
169,Normie,Duckit,297-808-1512
170,Karin,Dangl,837-708-3582
171,Marietta,Easman,363-740-4835
172,Cam,Yu,542-669-5652
173,Genia,Queste,753-569-0736
174,Linea,Kondrat,353-998-7038
175,Tomi,Alanbrooke,120-640-3479
176,Phelia,Askem,945-564-9414
177,Jermaine,Pendrey,300-652-4544
178,Melva,Gieraths,790-347-6831
179,Caralie,Cartman,961-428-4316
180,Vern,Philippe,667-992-0380
181,Lawrence,Tart,959-441-5362
182,Ellsworth,Annis,846-929-1137
183,Bernie,Burdoun,285-502-0322
184,Laure,Londsdale,735-467-1537
185,Julia,Bensusan,891-951-8332
186,Zechariah,Rajchert,148-983-7774
187,Julie,Yakovitch,724-455-5693
188,Pearle,Virgin,930-705-7611
189,Stillmann,Scorthorne,779-680-7173
190,Kandy,Wagge,681-502-0658
191,Cordell,O' Meara,466-553-5179
192,Giovanna,Lovering,933-478-7712
193,Karlotta,Gronowe,430-107-0383
194,Stephani,Jime,795-441-8035
195,Petronilla,Allum,885-467-8792
196,Freddy,Poxson,340-413-3917
197,Drona,Grombridge,352-741-0767
198,Kerwinn,Matschke,384-213-4092
199,Karlee,Giacomazzo,177-480-2598
200,Dolf,McKay,172-898-5655
201,Elisabetta,Shawley,796-631-0454
202,Crosby,Komorowski,168-441-9659
203,Anallise,Philippson,641-301-1055
204,Steffie,Waistall,950-167-2730
205,Fanechka,Yerrill,902-403-7761
206,Minor,Lakin,103-799-3396
207,Vincenty,Buckthorpe,958-334-8280
208,Marcia,Govett,640-230-3058
209,Susannah,Fynan,491-653-6721
210,Palmer,Lampen,112-685-8866
211,Gael,Linning,183-443-6804
212,Maynard,Vowden,947-337-3485
213,Rollin,Stollberg,123-407-9615
214,Gene,Eudall,119-159-9944
215,Ken,Polglase,100-971-0310
216,Terrill,Simo,956-222-1840
217,Wittie,Pelfer,481-262-4829
218,Miltie,Gratland,562-935-3726
219,Flor,O' Cuolahan,349-641-2116
220,Lissy,Blencoe,284-792-3566
221,Godiva,Girodier,824-803-2737
222,Frederique,Corneck,697-652-3130
223,Hamil,Corneck,943-190-4580
224,Daron,Mouland,240-705-0348
225,Sigismondo,Pirson,290-416-3222
226,Orel,Lampkin,265-635-0989
227,Kate,Bradford,103-860-8798
228,Vernon,Birk,456-639-7927
229,Olga,Gilberthorpe,874-823-4193
230,Dennis,Doers,691-874-0195
231,Talyah,Belfelt,772-802-8427
232,Evaleen,Pearton,657-758-9437
233,Ora,Routham,799-454-2156
234,Marilee,Hayes,241-415-8079
235,Michaela,Eggleson,348-276-5181
236,Demetria,Tippett,960-636-1436
237,Dante,Bunce,379-941-3961
238,Gregorius,Sporrij,806-872-4983
239,Zsa zsa,Leall,233-453-8365
240,Aldus,Longlands,805-137-3962
241,Davon,Senechell,785-517-5273
242,Caldwell,Blesli,523-319-2615
243,Farlee,Maeer,916-586-5973
244,Pail,Khosa,856-594-3787
245,Bobina,Maccari,204-566-2309
246,Conrade,Houchen,585-274-5700
247,Sheridan,Cuppitt,593-748-8810
248,Bogart,Kynaston,717-717-7959
249,Mavra,Leeson,938-353-3797
250,Carny,Vicar,204-829-7547
251,Austina,Venny,652-895-7808
252,Beverlee,Barabich,960-299-3823
253,Adorne,Crummey,993-382-0489
254,Joellen,Yellop,943-635-5057
255,Lazarus,Gatman,438-730-3518
256,Jeralee,Minihan,519-904-3161
257,Dayle,Paulin,448-337-2674
258,Jordanna,Ducker,204-872-5813
259,Patricio,Corwood,403-489-5502
260,Cazzie,Lunney,872-867-0220
261,Bill,Whistance,252-345-2954
262,Almeda,McCaughran,972-103-6741
263,Jennette,Bartalucci,610-617-5623
264,Sophronia,Videler,638-982-9988
265,Thibaud,Muat,231-754-2969
266,Bard,Mathieson,934-554-3759
267,Raf,Alentyev,110-971-3779
268,Lenna,Asaaf,765-405-7388
269,Fabe,Bish,790-169-5548
270,Catlee,Denyakin,965-171-8767
271,Berry,Hillborne,895-424-4876
272,Opalina,Leggott,683-738-2633
273,Bary,Gudge,554-798-9966
274,Mattheus,Himsworth,357-743-3246
275,Emlynne,Soan,680-189-0936
276,Jake,Cogin,423-411-8043
277,Reggi,Dorsett,993-156-3270
278,Enrique,Folan,228-867-9141
279,Sherri,Daveran,616-454-5279
280,Rubin,Arni,944-909-8839
281,Tim,Conford,456-392-0175
282,Lucias,Iles,989-382-7426
283,Clayborne,Petett,919-927-1050
284,Archy,Castelluzzi,932-469-6622
285,Frederik,Marle,642-505-4707
286,Libbey,Matzen,949-994-9052
287,Saxe,Merington,886-716-9430
288,Alameda,Kyteley,952-424-3930
289,Gertrudis,Jorczyk,735-204-9532
290,Fey,Ravenshaw,311-736-4969
291,Henri,Clerk,688-456-5585
292,Lucius,Jays,558-286-4274
293,Kenyon,Whitloe,322-334-4903
294,Archambault,Mattiello,639-266-7347
295,Lynnett,Klossek,431-102-3880
296,Jordon,Fontes,178-424-6436
297,Melloney,Tuminelli,842-883-4479
298,Sig,Henaughan,418-735-7883
299,Corina,Jerche,408-449-9014
300,Erda,Rawet,286-919-4744
301,Celestina,Dring,712-649-1059
302,Milo,Odam,411-892-5527
303,Boycey,Paprotny,355-762-2390
304,Leisha,Honatsch,636-341-7441
305,Lindsy,Wilderspoon,919-117-7221
306,Forster,Gosalvez,880-228-2476
307,Bibby,Minero,259-423-0168
308,Casey,Hakes,936-753-5802
309,Tana,Parsand,347-748-8009
310,Westbrooke,Eltune,320-123-4832
311,Kathye,Echalie,350-444-0787
312,Robbie,Farra,247-325-0934
313,Ertha,Slessar,283-633-3290
314,Page,Estick,842-565-9614
315,Jacinta,Ben-Aharon,981-218-0302
316,Kit,Caban,566-331-9722
317,Willyt,Mushett,374-633-3893
318,Hayyim,Unthank,439-718-5142
319,Xavier,Phethean,905-592-3447
320,Kelby,Czajkowska,312-449-9024
321,Elnora,Haslen,947-590-6385
322,Rori,Jelphs,919-850-1486
323,Towny,Whotton,291-536-2397
324,Harley,Pallent,249-899-7190
325,George,Davidovici,371-345-0620
326,Chaim,McGuckin,684-124-8960
327,Ginger,Joutapavicius,914-557-9314
328,Josias,Cahillane,786-238-0611
329,Adriena,Canedo,568-358-0272
330,Angela,Cleife,227-553-9725
331,Vivianne,Whitnell,117-451-0328
332,Nancy,Boulder,898-531-0342
333,Sharona,Gosford,256-899-2270
334,Martguerita,Lamble,164-191-8552
335,Kellby,Cleiment,177-557-2437
336,Gustavus,Braddon,249-838-5688
337,Tito,Pickle,460-632-2880
338,Nanine,Roll,438-553-4237
339,Grantley,Steeples,135-509-5570
340,Kelcey,Lochead,836-673-0908
341,Ben,Scutts,867-210-0763
342,Fernanda,Trenholme,217-507-1818
343,Al,Fortune,127-293-2339
344,Cristal,Bridgeman,952-763-1489
345,Murial,Van Driel,137-386-2596
346,Angil,Mitskevich,615-701-2869
347,Engelbert,Eidelman,281-618-1963
348,Roscoe,Garrick,180-741-4449
349,Jasmin,Crayton,929-484-4828
350,Mirabelle,Cardo,305-225-9464
351,Tades,Byart,724-681-8951
352,Silvio,McLewd,161-524-1408
353,Lennard,Danhel,685-826-3766
354,Ree,Giffon,363-662-4569
355,Jacquette,Clausner,483-894-4313
356,Merci,Sexten,583-562-7295
357,Pierette,Castri,946-436-8140
358,Royall,Grishanov,222-540-4432
359,Katlin,Grassin,323-569-5753
360,Giustina,Messenbird,221-109-4277
361,Bel,Boteman,106-439-7114
362,Lesley,Madine,534-430-7294
363,Cody,Brands,841-443-6360
364,Lib,Gloves,788-534-3265
365,Elita,Heighton,498-682-3406
366,Gelya,Zouch,846-197-8712
367,Janet,Bawles,635-716-5557
368,Sara-ann,Arnaudot,454-777-1808
369,Cordelie,Shearwood,103-500-7348
370,Else,Rice,571-572-5466
371,Chad,Menendes,390-997-8579
372,Aimee,Mc Andrew,774-544-8540
373,Dora,Treneman,622-740-9957
374,Florri,McKennan,822-294-1671
375,Bertina,Wych,250-392-1120
376,Zacharie,Blasing,263-449-6953
377,Tripp,Jurczak,947-577-5905
378,Gordan,De Gregoli,685-399-9673
379,Rubin,Vader,887-329-3891
380,Kerk,Bodechon,204-470-8421
381,Leslie,Cothey,558-767-5656
382,Dierdre,Speer,454-656-5439
383,Dedra,Esland,152-120-7540
384,Vicki,Walworth,926-985-5953
385,Cybil,Sheeran,661-987-9928
386,Aldus,Buckie,592-419-8786
387,Tessie,Tilmouth,802-541-0285
388,Valida,Somerlie,645-521-3523
389,Bab,Curro,948-141-7149
390,Gino,Dollman,631-161-8900
391,Maxie,Bletso,547-709-6974
392,Alecia,Morfield,886-833-1209
393,Nicko,Graffham,983-218-0140
394,Woodrow,O'Hanlon,786-907-7705
395,Starla,Gile,598-564-9753
396,Benny,Rossbrooke,566-675-2701
397,Barde,Fruish,222-210-2097
398,Annamarie,Pickerill,518-480-7329
399,Emylee,Diver,264-613-8999
400,Sigvard,Layburn,136-470-6508
401,Kylie,Earney,305-845-0628
402,Dennison,De la Yglesia,266-986-3480
403,Cyrill,Mollindinia,201-944-6069
404,Titos,Janew,380-369-3876
405,Milo,Beddis,340-586-4854
406,Shaun,Janek,915-512-7471
407,Daisey,Newson,557-306-3665
408,Sybilla,Alchin,976-601-8574
409,Martita,Latek,540-911-3601
410,Laina,Greenroad,924-773-8585
411,Francklyn,Nucci,858-520-0537
412,Twyla,Whitman,339-896-6087
413,Diane,MacDearmaid,367-499-5889
414,Edsel,Davidescu,790-550-9849
415,Everett,Greenhall,144-620-6088
416,Blakeley,Rhydderch,108-362-6461
417,Mord,Freddi,983-465-3650
418,Rahel,Rosas,338-536-3638
419,Frazier,Cristea,566-593-0396
420,Weider,Roggers,814-609-9024
421,Matelda,De Zuani,456-838-0149
422,Xaviera,Roberts,699-975-8005
423,Leopold,Poynton,408-196-0994
424,Farra,Hairsnape,735-996-2344
425,Lorie,Biagini,514-755-4226
426,Carmelle,Napoleon,340-775-3885
427,Teddy,Elrick,397-416-1806
428,Beth,Gorstidge,312-774-0092
429,Jammal,Hartshorne,723-239-1361
430,Hildy,Grewes,788-233-8256
431,Carine,Denisyuk,497-737-6194
432,Spense,O' Mulderrig,893-819-4330
433,Dinny,Renvoise,955-992-0430
434,Jacobo,Dobbin,422-605-5788
435,Early,Maybery,391-641-0353
436,Umberto,Morsom,908-714-0186
437,Nina,Snaddin,334-770-1949
438,Bryant,Latehouse,358-814-4222
439,Gavrielle,Hughes,271-748-5984
440,Margalit,Breewood,667-947-4561
441,Ferdinanda,Mateus,432-138-7380
442,Wallas,Gencke,475-690-9477
443,Sigismondo,Rubery,898-441-9479
444,Cymbre,Lynch,347-463-9200
445,Ariana,Tadman,660-248-3863
446,Waldo,Miles,157-675-2993
447,Trip,Thorley,222-686-3522
448,Jen,Coonan,670-383-2473
449,Darwin,Mallaby,513-768-9032
450,Ronnica,Fust,721-703-9920
451,Ciro,Sheather,914-427-0948
452,Gilbert,Critchley,802-449-5862
453,Jefferson,Druce,478-787-7837
454,Drucy,Fontel,807-694-8269
455,Maiga,Noads,246-471-3929
456,Baird,Lowin,292-861-7208
457,Danit,Cottem,226-551-9381
458,Vivian,Antos,651-664-9455
459,Sidney,Gynn,831-361-9430
460,Lionello,McMurrugh,926-591-7759
461,Krissie,Keeting,513-487-9789
462,Shandeigh,Ingre,521-817-2606
463,Natka,Landell,926-410-3637
464,Trudie,Dionsetti,860-290-6317
465,Berty,Milksop,802-298-1493
466,Marcile,Floch,210-265-1708
467,Stanton,Brouwer,253-710-0364
468,Aksel,Lownes,533-298-7913
469,D'arcy,Klyner,942-778-9056
470,Phelia,Worsalls,693-810-1429
471,Letty,Eckhard,606-493-8261
472,Staci,Kenn,915-141-7117
473,Hew,Jessop,331-319-6472
474,Cornela,Chaston,613-932-8876
475,Sherry,Fardy,341-351-4078
476,Sherm,Vidler,405-624-6225
477,Auberon,Gwilliams,807-746-1457
478,Janeta,Pilsworth,909-680-7310
479,Erda,Jacson,334-615-2739
480,Joye,Hindmore,865-922-8514
481,Tommy,Clegg,486-141-8814
482,Gilli,Coope,299-779-9994
483,Arleyne,Btham,134-775-2111
484,Paulo,Roches,403-340-7360
485,Ronny,Inglis,673-610-3240
486,Gustavo,Hargraves,296-115-3800
487,Shelia,Spadelli,430-540-8476
488,Oran,Agget,660-933-0999
489,Frannie,Pottery,873-397-1679
490,Gil,Luton,443-359-2491
491,Haslett,Coie,662-947-6590
492,Nichole,Sharpus,174-420-8452
493,Myranda,Belf,708-661-3360
494,Goldy,Braisher,712-273-3916
495,Benito,Chatenet,442-851-0570
496,Nerita,Flecknoe,200-311-1205
497,Charil,Ringe,207-111-7137
498,Sibbie,Rouf,973-479-8397
499,Kim,Capstick,887-705-8594
500,Shayla,Trudgeon,530-376-0932
501,Bambi,Hindrick,915-372-4532
502,Kakalina,Pabelik,744-368-5057
503,Judie,MacAlpyne,911-964-3272
504,Fredelia,Portal,242-260-2384
505,Arly,Lowder,865-739-4937
506,Gabrila,Ghiroldi,870-976-2819
507,Hewett,Diplock,439-899-4522
508,Jacquelin,Mathes,428-739-9756
509,Gannon,Rumney,854-276-6594
510,Lorry,Coat,704-837-7509
511,Erinna,Fernyhough,239-572-9539
512,Aurlie,Cubberley,929-495-0176
513,Honor,Grigorian,424-754-9802
514,Adan,Spyer,676-898-5623
515,Hedvig,Gyse,560-453-5237
516,Herrick,Ausello,988-180-0567
517,Antoine,Klain,896-999-5801
518,Celesta,Pinckney,758-107-7356
519,Gabbey,Scholefield,624-316-5010
520,Euell,Sillito,372-112-9844
521,Redd,Smitham,531-454-0089
522,Waylan,Bladesmith,109-215-1170
523,Erhard,Addinall,376-970-1137
524,Geoffry,Heyward,464-688-7991
525,Bev,Ethridge,911-652-8914
526,Pepi,Loody,592-756-5699
527,Sacha,Galiero,544-644-2452
528,Audrye,Ganing,904-311-1836
529,Brose,Bryning,499-242-4649
530,Halimeda,Gout,523-347-9460
531,Grove,Tarburn,171-662-9486
532,Laurice,Spinozzi,491-287-9018
533,Delly,Eatttok,220-282-3525
534,Colleen,Tuson,585-695-2989
535,Debora,Pestor,398-508-7774
536,Lorita,Cohen,518-634-6755
537,Nevil,Frankish,129-380-0740
538,Clair,Spondley,918-211-4653
539,Guthrie,Climance,402-111-5995
540,Leesa,Barendtsen,884-441-2705
541,Kendell,Lympenie,467-311-6431
542,Prudi,Nanson,702-397-9768
543,Joli,Circuit,736-805-3223
544,Carey,Shilburne,742-407-2043
545,Bunny,Tordoff,468-446-0193
546,Mariana,Montrose,660-311-6959
547,Helen,Omar,501-460-9430
548,Ellswerth,Kingaby,541-267-6031
549,Goldy,Brabham,607-151-3685
550,Jocelyn,Youle,501-967-7662
551,John,Cutbirth,441-516-5177
552,Georgina,Groucock,307-225-4422
553,Friedrich,Armatidge,555-148-7059
554,Almire,Clausewitz,213-794-8104
555,Will,MacAllaster,983-611-4404
556,Poppy,Tanton,654-960-2965
557,Wally,Pascoe,787-483-7600
558,Faina,Grabb,745-597-9356
559,Nelia,Conway,814-873-5732
560,Markos,Mincini,344-896-6105
561,Tabitha,Wogden,800-402-0236
562,Ham,Megroff,519-103-3741
563,Rebekah,Emor,713-900-8328
564,Paton,Gorries,847-520-4052
565,Janis,Glacken,311-252-6453
566,Karita,Oller,875-825-4965
567,Josiah,Giorgio,487-684-3314
568,Alejandro,Dougill,973-368-4846
569,Dougie,Rehor,711-602-6189
570,Regine,Mingaye,286-811-9224
571,Judie,Parkman,317-960-5870
572,Orton,Langelay,696-817-3497
573,Fidelity,Menhenitt,217-653-3027
574,Casper,Crosse,233-325-6566
575,Kristos,Sadgrove,546-260-5974
576,Nikos,Reichartz,841-330-3859
577,Chelsey,Smithson,357-552-9189
578,Jarrett,Castrillo,513-628-0397
579,Elliot,Chudleigh,588-774-2008
580,Codi,Bailiss,476-289-1254
581,Kevyn,Ortells,896-373-3586
582,Faunie,Trevett,795-171-4258
583,Susana,Jurgenson,231-312-5438
584,Ginni,Leteurtre,774-326-0717
585,Paola,Soles,104-323-7097
586,Gigi,Ortiga,677-126-6666
587,Edi,Tukesby,547-164-0359
588,Ricki,Treacy,923-122-6704
589,Lina,Liell,224-990-5960
590,Maitilde,Niche,960-577-0339
591,Andriette,Goublier,949-553-1732
592,Estelle,Dunsford,263-205-0897
593,Ferne,Choules,462-379-5919
594,Millard,Borborough,689-766-1749
595,Cristionna,Favel,851-689-1442
596,Flore,Schofield,170-783-2703
597,Rowney,Ielden,122-959-8210
598,Lev,Trousdale,722-829-6153
599,Brig,Chetwynd,169-360-5741
600,Christiano,Matthews,381-273-5062
601,Grazia,Lupson,823-570-5585
602,Rochelle,Andreas,957-665-3919
603,Bayard,Burress,611-193-1592
604,Rozanne,Baum,131-873-9695
605,Stormie,Bizzey,526-512-7434
606,Leigh,Shwenn,289-194-6263
607,Stormi,Minelli,510-130-7659
608,Bunnie,Fibbens,812-884-7289
609,Emmaline,Apthorpe,206-892-2498
610,Elga,Ratley,999-637-8750
611,Humphrey,Jemmett,356-386-6559
612,Kiah,Regis,702-115-2023
613,Sebastian,Lochead,443-682-9170
614,Giulio,Hebborne,573-190-5547
615,Stefa,Sondon,995-618-3627
616,Arnuad,Barten,890-326-9366
617,Margalo,Cordrey,135-647-7966
618,Dorise,Abbets,622-463-9401
619,Tandy,Dufaire,702-493-0227
620,Luis,Rolstone,279-592-0210
621,Aprilette,Antyshev,996-278-8729
622,Stern,Matushevitz,669-461-5064
623,Noella,Kornilyev,499-152-6265
624,Stevy,Frill,275-108-7761
625,Rosamond,Dugood,238-236-3110
626,Gerladina,Gerb,160-667-4667
627,Raf,Kidson,499-684-7403
628,Barnie,Fulmen,209-132-7770
629,Dalia,Hendrick,415-387-7496
630,Geraldine,Vaney,646-970-4707
631,Honoria,Cheesworth,437-930-8886
632,Eleonore,Kennedy,587-410-2401
633,Thomasine,Bearfoot,655-858-4459
634,Demott,Francillo,150-863-9509
635,Wye,Guido,393-440-6949
636,Adriane,Thridgould,456-962-7955
637,Adelheid,Poate,600-837-2540
638,Letta,Tooby,983-798-8345
639,Gordie,Bowld,326-287-3579
640,Roshelle,Jerrolt,346-446-4856
641,Rutger,Kinzett,664-729-7898
642,Renard,Marjoram,272-831-4478
643,Tallia,Volcker,841-484-2728
644,Wyn,Rudwell,911-909-9276
645,Keith,Feedome,697-874-3341
646,Katey,Sexcey,533-835-8801
647,Adrianna,Lydster,965-809-7958
648,Antonin,Fell,572-470-9105
649,Bradly,Rudyard,559-455-1859
650,Pepita,Greenley,154-305-9468
651,Dorothy,McMenamie,509-364-1470
652,Lia,Powder,387-112-7627
653,Teri,Freiberg,706-541-0760
654,Kayne,Unsworth,616-493-5958
655,Elinor,Sawood,793-835-2738
656,Zebulen,Gegg,693-138-7524
657,Coreen,Keaton,465-952-5638
658,Kellen,Possek,305-360-1134
659,Desdemona,Rutley,959-918-3141
660,Miquela,Mickelwright,502-457-2051
661,Muffin,Lightewood,795-756-9504
662,Cristionna,McGloin,515-174-9803
663,Melonie,Costelow,650-124-5110
664,Augustus,Sowrah,347-163-0522
665,Ofella,Joerning,135-674-4771
666,Frayda,Beden,759-842-7562
667,Vincent,Revans,240-600-9613
668,Roby,Kieff,903-211-0815
669,Dalli,Robilart,317-204-8541
670,Celeste,Vere,367-822-1410
671,Steffi,Malkinson,527-553-8089
672,Armin,Kubacek,427-263-7319
673,Raphaela,Warkup,576-826-8605
674,Cornall,Grimbaldeston,376-903-1444
675,Halli,Simms,830-102-0316
676,Giorgio,Daymont,292-853-5745
677,Desmond,Pee,341-300-5417
678,Drusy,Wapples,394-562-1677
679,Roz,Caselli,430-869-3729
680,Jania,Basili,864-881-6610
681,Felita,Brettoner,602-939-2349
682,Idaline,Currom,876-710-3332
683,Ariela,Gathwaite,168-655-9897
684,Mathe,Bischoff,196-192-6831
685,Leontine,Ealden,997-992-3297
686,Pearla,Haresnape,999-166-0788
687,Rani,Longforth,113-564-3581
688,Karlotte,Bore,551-459-5285
689,Melita,Copplestone,965-937-2563
690,Milli,Knill,718-292-7962
691,Libbie,Plumbley,861-263-3821
692,Candice,Bedding,408-947-9079
693,Winifield,Scales,572-821-2287
694,Lanie,Edon,837-535-2490
695,Norbert,Aumerle,201-992-8153
696,Tami,Mignot,687-931-3840
697,Alanah,Patrie,561-128-6305
698,Rasia,Marousek,321-890-9137
699,Karil,Butterfint,801-900-3275
700,Laure,Lansdale,898-112-6602
701,Justine,Cominotti,521-681-9426
702,Dehlia,MacKeever,922-812-8298
703,Truman,Feaveryear,649-497-7231
704,Artair,Missen,939-360-3028
705,Luisa,Vasiliev,944-432-6496
706,Catriona,Blasetti,618-680-3936
707,Cecil,Brattan,567-643-8952
708,Phineas,Sirr,689-724-4943
709,Massimo,Goodee,123-492-0101
710,Birdie,Spritt,389-912-2659
711,Demetre,Stading,853-418-5858
712,Mitch,Christophers,499-532-9493
713,Abigale,De Miranda,999-440-2403
714,Fedora,Bywaters,769-434-4033
715,Ilsa,Wayte,322-619-2903
716,Boycey,McCourtie,209-367-8897
717,Teresita,Jozefczak,876-560-5149
718,Osbourne,Lorne,790-981-7133
719,Goldi,Waldera,474-908-9751
720,Leola,Gummory,222-340-7233
721,Hilary,Towell,346-894-4182
722,Brigida,Galiford,844-273-9009
723,Leila,Clancey,320-607-5181
724,Jeramie,MacLaren,420-252-3174
725,Sonnie,Bellfield,526-366-4902
726,Leslie,Purcell,669-536-9973
727,Beaufort,Eagell,967-694-1220
728,Konstantine,Sainsberry,267-924-2712
729,Ilise,Lenton,255-230-6406
730,Nesta,Kolinsky,852-849-6692
731,Odo,Redgrave,388-834-0795
732,Aridatha,Hatje,180-263-1638
733,Tomi,Vivash,467-207-4385
734,Brady,Steet,976-377-3409
735,Maurise,Killwick,236-227-6962
736,Turner,Mantram,724-165-5501
737,Kay,Shirland,568-494-3013
738,Candace,Reynold,102-836-3153
739,Iolanthe,Mabbe,678-418-4510
740,Robinet,Sainsberry,453-666-1573
741,Diannne,Cochern,939-660-4491
742,Loralee,Bryan,415-148-0604
743,Jere,Itzhaki,294-502-9323
744,Kaye,Narracott,892-611-4464
745,Norah,Reschke,835-855-5733
746,Celinka,Garmons,117-636-0308
747,Terri-jo,Hoolaghan,937-790-5376
748,Wilton,MacTerrelly,158-492-1143
749,Husein,Heigold,832-300-9908
750,Paige,Mourbey,266-105-8454
751,Ursa,Semaine,503-511-0754
752,Pippy,Lawty,209-674-1681
753,Edd,Shannahan,392-112-5543
754,Si,Snowling,706-786-4422
755,Gardiner,Kalinsky,139-376-4621
756,Sarita,Beinisch,699-179-1258
757,Giavani,Stot,149-685-0295
758,Claude,Wyche,595-841-0077
759,Ginger,Manuello,250-715-7346
760,Efren,Jarmain,984-696-8465
761,Gwendolyn,Ketcher,317-367-0152
762,Sabrina,Garnsworthy,471-261-4897
763,Nora,Hambidge,573-647-3166
764,Rosemarie,Morsey,869-982-7629
765,Nicolais,Blague,663-688-2318
766,Godard,Millett,675-948-5683
767,Geordie,Goodge,615-513-6023
768,Bale,Hubbis,531-320-4524
769,Dickie,Barlas,660-351-3941
770,Padraic,Render,612-786-5940
771,Melita,Frostdick,477-639-5622
772,Trudey,Giffaut,533-194-7221
773,Edwin,Byrom,869-644-0438
774,Lionel,Beedie,284-762-2114
775,Almeria,Gaitley,918-193-0981
776,Madeline,Cridlin,188-233-9291
777,Barnett,Climer,578-197-3450
778,Willa,Lonnon,791-778-8799
779,Constanta,Colls,213-711-8985
780,Tabor,Flecknoe,679-938-6308
781,Sydney,Ricarde,100-896-2031
782,Misha,Challoner,414-197-6685
783,Jayme,Henze,292-905-0395
784,Ranique,Agett,475-567-9244
785,Vikky,Cella,769-378-1135
786,Penny,Boullen,399-593-3115
787,Berky,Wrought,991-981-2025
788,Maurise,Posthill,828-428-6546
789,Pace,Aizikowitz,568-300-5462
790,Haroun,Olver,833-509-6499
791,Harmonie,Bromidge,380-190-6115
792,Meredithe,Craythorn,478-771-3656
793,Salvador,Kelsall,907-265-2324
794,Sheri,Kopta,442-371-6910
795,Tammie,Jauncey,700-141-7747
796,Moyra,Irdale,606-177-9807
797,Kandace,Devine,987-665-1497
798,Anne,Kienle,981-438-7264
799,Veda,Livingston,946-687-3578
800,Tobe,Tiplady,421-571-1294
801,Merl,Beadnall,873-814-5598
802,Josselyn,Adenot,835-658-4412
803,Melania,Rudland,727-803-5798
804,Cleavland,Gricks,185-726-8603
805,Linea,Dunmuir,759-938-9865
806,Zora,Motte,230-618-8458
807,Irena,Jarrette,474-184-0385
808,Mavra,Hindrich,342-278-9703
809,Leila,Gaudin,171-769-6913
810,Carce,Wolseley,375-513-7011
811,Othello,Coysh,332-503-1638
812,Terrye,Lanston,829-148-0622
813,Ernesto,Dashkov,400-409-0886
814,Sammie,Baptie,567-861-1039
815,Sebastien,Tubby,157-356-6325
816,Reed,Capini,106-232-2651
817,Aubrie,Wayper,349-185-0304
818,Giana,Chesher,722-822-0775
819,Abbott,Adiscot,878-489-8877
820,Wallache,Sawdy,602-216-0847
821,Dotti,Rubbert,746-896-6056
822,Garold,Bugden,118-135-3272
823,Kellyann,Banat,330-612-4962
824,Emma,Domanski,169-915-0296
825,Marielle,Matthius,944-355-5345
826,Moyna,Foddy,937-579-9310
827,Shalom,McAteer,865-280-7571
828,Weylin,Demchen,552-770-8211
829,Haley,Allworthy,385-544-2096
830,Ingaborg,Dudenie,488-788-5607
831,Rafi,Olekhov,195-784-7662
832,Anallise,Marling,441-461-7334
833,Lesli,Bernakiewicz,780-369-0455
834,Eartha,Smewin,345-293-9227
835,Xenos,Swancock,611-289-9622
836,Rita,Grinvalds,174-902-7715
837,Rebe,Beecham,760-553-5669
838,Fielding,Patriche,964-130-2819
839,Dan,Gateley,559-698-9668
840,Fayina,Smallman,770-331-1607
841,Kirstyn,Croxon,192-621-1976
842,Lib,Fryd,882-414-9003
843,Ursula,Izkovici,117-238-1026
844,Sherrie,Muffitt,271-934-1704
845,Ephrayim,Roo,757-470-0408
846,Lilli,Peakman,632-128-0632
847,Brad,Leming,678-668-4592
848,Shaylyn,Konertz,151-306-6102
849,Ira,Cosgreave,949-924-5107
850,Malia,Dungate,104-615-0157
851,Otho,Allmen,828-523-2555
852,Bettina,Wemm,706-661-2884
853,Hart,Wadhams,447-782-0220
854,Siward,Yapp,461-169-6799
855,Oralia,Pavolini,398-974-5760
856,Marietta,Izak,442-719-6511
857,Smith,D'Enrico,545-265-1458
858,Peria,Gadsden,626-459-9218
859,Burg,Qualtro,941-508-9089
860,Herbie,Roffe,607-481-9594
861,Ronda,Moverley,908-164-7719
862,Brianne,MacConnechie,381-153-6980
863,Barrett,Reskelly,895-321-4359
864,Royce,Presser,817-281-2016
865,Osbert,Crowther,320-559-9627
866,Clementine,Briance,303-751-9810
867,Mollie,Danskine,273-697-6497
868,Cynthea,Casali,617-364-4872
869,Reba,Ernshaw,861-452-2668
870,Bobine,Algar,824-772-8761
871,Horatius,Elman,807-244-0127
872,Augustine,Waplington,555-671-5318
873,Cass,Lartice,261-367-6012
874,Lilllie,Buttriss,585-320-6445
875,Kamilah,Verrall,471-165-4148
876,Jacobo,Colliber,903-766-2227
877,Tiena,Ridgwell,831-100-2690
878,Karine,Eburah,157-254-4690
879,Alfie,Cornilli,665-787-3209
880,Dougie,Philo,950-137-1092
881,Ardyce,Vonasek,411-705-6673
882,Lindon,Hacker,809-723-3224
883,Laird,Ellsworthe,361-112-1691
884,Haleigh,Mayhew,700-403-0522
885,Janine,Burril,359-295-6366
886,Tamarra,Ramsey,191-382-4994
887,Vergil,Pauler,896-770-0983
888,Iolanthe,Densumbe,126-273-3872
889,Orelia,Pallent,800-132-4438
890,Vittoria,Cubuzzi,505-971-0900
891,Carmelia,Jerdon,593-926-8245
892,Lissie,Vinter,844-233-5240
893,Leann,Mullin,230-132-7615
894,Roseann,Hardwich,473-182-9085
895,Dorri,Playden,660-731-3805
896,Flora,Outridge,618-187-6317
897,Meyer,Dowdam,163-321-1558
898,Xavier,Foucar,660-782-1168
899,Ardisj,Neubigin,589-185-1872
900,Channa,Sandbach,827-579-5268
901,Bancroft,Bools,830-442-2273
902,Delmar,Svanini,444-847-3629
903,Gerta,Ofer,382-749-0699
904,Heriberto,Giacomini,292-696-8814
905,Lucille,Bruyns,650-981-2284
906,Dante,Lurriman,380-911-8533
907,Sharla,Woosnam,313-959-8434
908,Margo,Rainbird,395-151-7858
909,Tailor,Pallent,180-162-8289
910,Talbot,Chattoe,420-800-2657
911,Humphrey,Davidge,762-460-5788
912,Rachael,Bulgen,470-157-4461
913,Sibbie,Van T'Hoog,943-956-7891
914,Gerald,Arrigo,534-154-4313
915,Lynnelle,Batalini,396-625-1794
916,Ezechiel,Gutherson,956-406-0991
917,Hedy,Smaling,410-845-8898
918,Lyndell,Ruffli,637-505-4509
919,Cherey,Jerrand,264-232-5216
920,Crawford,Croisdall,512-883-7673
921,Chrissy,Quarrington,487-375-4815
922,Tarra,Leek,891-721-5384
923,Delmer,Limrick,340-274-7539
924,Abby,Dacks,193-742-4988
925,Olga,Kovnot,381-707-4963
926,Sharyl,Safell,411-289-9872
927,Say,MacCook,901-180-5066
928,Aloisia,Speedin,518-666-3912
929,Eamon,Yakhin,372-315-2542
930,Harp,Iban,869-768-1801
931,Jarred,Gleadle,808-277-0508
932,Caron,Klimmek,240-592-4178
933,Tracy,Rubertis,226-786-3982
934,Tommie,Pigden,558-546-9200
935,Diane,Jakubovsky,778-282-5396
936,Brennen,Curwood,184-321-9151
937,Marthena,Merner,717-931-3806
938,Ezequiel,Allerton,228-697-4874
939,Morgen,Emblin,650-848-0372
940,Culver,Ruckhard,794-806-7291
941,Catha,Edgell,203-222-6208
942,Sibyl,Theobald,323-401-5995
943,Tasha,Morston,288-853-4253
944,Ritchie,Delue,620-301-1050
945,Ermengarde,Denholm,852-447-9380
946,Aldus,Caldecot,584-376-4396
947,Zorina,Andriveau,382-486-2371
948,Hildegarde,Hamson,571-312-9186
949,Flss,Reubens,457-333-0414
950,Damon,Fernely,636-259-8577
951,Tawnya,Cisson,532-190-5940
952,Alistair,Radki,243-527-3183
953,Flore,Elverston,985-190-2001
954,Boy,Presnall,433-100-2401
955,Deena,Delacote,303-492-5085
956,Norene,Isgar,125-119-7181
957,Celestyn,Crawshaw,834-200-9077
958,Rock,Sibyllina,597-589-1505
959,Ivonne,Plumbley,712-257-6592
960,Arthur,Attrey,212-599-1206
961,York,Yearron,333-359-0446
962,Ronica,Gauvain,612-227-5909
963,Hamlin,Jacobson,812-866-8709
964,Regina,Dunbavin,677-848-1750
965,Trace,Sandilands,893-506-8211
966,Josefina,Fransewich,743-745-9725
967,Archy,Wales,378-261-7645
968,Win,Helbeck,187-420-6433
969,Casper,Frankham,592-489-4024
970,Minetta,Quinane,629-239-8669
971,Esra,Tritten,478-150-1188
972,Colette,Bartocci,938-801-3666
973,Finley,Mangon,110-170-6940
974,Gene,Stebles,264-580-9516
975,Phaidra,Langstrath,201-280-5317
976,Mariska,Patnelli,968-732-2584
977,Gordon,Wetheril,592-295-1588
978,Dalis,Stag,269-113-0299
979,Leeanne,Sissons,608-365-4648
980,Daisie,Vannozzii,572-452-9072
981,Hartley,Mabson,235-899-8831
982,Bartholomew,Baynton,375-925-2028
983,Ethelred,Dalla,499-717-7669
984,George,Moisey,806-829-6452
985,Annetta,Eadington,322-957-6169
986,Carmelia,Oselton,321-681-2831
987,Quentin,Shattock,859-448-1607
988,Claretta,Cammocke,968-891-6767
989,Nicoli,Breeton,226-481-7750
990,Abigael,Beacon,570-657-8909
991,Grady,Franklin,291-879-9492
992,Inessa,Clere,648-281-1259
993,Amara,Yannoni,926-494-2383
994,Bennett,Cane,231-856-9736
995,Talya,Chatenier,837-947-0601
996,Celestyn,Burney,887-725-9527
997,Clayton,Gilkison,801-928-1390
998,Danny,Ettridge,636-335-5358
999,Rosabelle,Auty,823-165-2465
1000,Alasteir,Cliburn,830-535-5004
